<?xml version="1.0" encoding="utf-8"?>

<!--
This file is part of "Price Range+" project and subject to the terms
and conditions defined in file "LICENSE.txt", which is part of this source
code package.
-->

<modification>
	<name>[underr] Price Range+ &lt; out of stock options</name>
	<code>price-range-plus--outofstock</code>
	<version>1.0.0</version>
	<author>Andrii Burkatskyi aka underr</author>
	<link>https://git.io/Jf9GD</link>

	<file path="catalog/model/extension/module/price_range.php" error="log">
		<operation error="log">
			<search info="">
				<![CDATA[(!$option_value['subtract'] || ($option_value['quantity'] > 0))]]>
			</search>
			<add position="replace">
				<![CDATA[(!$option_value['subtract'] || ($option_value['quantity'] >= 0))]]>
			</add>
		</operation>
	</file>
</modification>
