<?xml version="1.0" encoding="utf-8"?>

<!--
This file is part of "Price Range+" project and subject to the terms
and conditions defined in file "LICENSE.txt", which is part of this source
code package.
-->

<modification>
	<name>[underr] Price Range+ > Journal2</name>
	<code>price-range-plus--j2</code>
	<version>1.0.0</version>
	<author>Andrii Burkatskyi aka underr</author>
	<link>https://git.io/Jf9GD</link>

	<file path="admin/controller/extension/module/price_range.php" error="log">
		<operation error="log">
			<search info="">
				<![CDATA[$this->model_extension_event->addEvent('price_range', 'catalog/view/product/*/before', 'extension/module/price_range/showPriceRange');]]>
			</search>
			<add position="after">
				<![CDATA[			$this->model_extension_event->addEvent('price_range', 'catalog/view/journal2/module/*/before', 'extension/module/price_range/showPriceRange');]]>
			</add>
		</operation>
	</file>
</modification>
