<?xml version="1.0" encoding="utf-8"?>

<!--
This file is part of "Price Range" project and subject to the terms
and conditions defined in file "LICENSE.txt", which is part of this source
code package and also available on the project page: https://git.io/Jf9G9.
-->

<modification>
    <name>[underr] Price Range</name>
    <code>price-range</code>
    <version>1.3.1</version>
    <author>Andrii Burkatskyi aka underr</author>
    <link>https://git.io/Jf9G9</link>

	<file path="admin/view/template/catalog/product_form.twig" error="log" info="Add fields for min/max manual Price Range+">
		<operation error="log">
			<search>
				<![CDATA[<label class="col-sm-2 control-label" for="input-price">{{ entry_price }}</label>]]>
			</search>
			<add position="after">
				<![CDATA[{#]]>
			</add>
		</operation>
		<operation error="log">
			<search>
				<![CDATA[name="price"]]>
			</search>
			<add position="before">
				<![CDATA[#}
                {% if price_range %}<div class="col-sm-2">{% else %}<div class="col-sm-10">{% endif %}]]>
			</add>
		</operation>
		<operation error="log">
			<search>
				<![CDATA[name="price"]]>
			</search>
			<add position="after">
				<![CDATA[
                {% if price_range %}
                </div>
                <label class="col-sm-2 control-label" for="input-min-price">{{ entry_min_price }}</label>
                <div class="col-sm-2">
                  <input type="text" name="min_price" value="{{ min_price }}" placeholder="{{ entry_min_price }}" id="input-min-price" class="form-control" />
                </div>
                <label class="col-sm-2 control-label" for="input-max-price">{{ entry_max_price }}</label>
                <div class="col-sm-2">
                  <input type="text" name="max_price" value="{{ max_price }}" placeholder="{{ entry_max_price }}" id="input-max-price" class="form-control" />
                {% endif %}]]>
			</add>
		</operation>

		<!-- <operation error="log">
			<search>
				<![CDATA[<input type="text" name="price" value="{{ price }}" placeholder="{{ entry_price }}" id="input-price" class="form-control" />]]>
			</search>
			<add position="replace">
				<![CDATA[#}
                {% if price_range %}<div class="col-sm-2">{% else %}<div class="col-sm-10">{% endif %}
                  <input type="text" name="price" value="{{ price }}" placeholder="{{ entry_price }}" id="input-price" class="form-control" />
                {% if price_range %}
                </div>
                <label class="col-sm-2 control-label" for="input-min-price">{{ entry_min_price }}</label>
                <div class="col-sm-2">
                  <input type="text" name="min_price" value="{{ min_price }}" placeholder="{{ entry_min_price }}" id="input-min-price" class="form-control" />
                </div>
                <label class="col-sm-2 control-label" for="input-max-price">{{ entry_max_price }}</label>
                <div class="col-sm-2">
                  <input type="text" name="max_price" value="{{ max_price }}" placeholder="{{ entry_max_price }}" id="input-max-price" class="form-control" />
                {% endif %}
				]]>
			</add>
		</operation> -->
	</file>

</modification>
