<?xml version="1.0" encoding="utf-8"?>

<!--
This file is subject to the terms and conditions defined in the "EULA.txt"
file that is part of this source code package and is also available on the
page: https://raw.githubusercontent.com/ocmod-space/license/main/EULA.txt.
-->

<modification>
	<name>[underr] Price Range+ &lt; Journal3</name>
	<code>price-range-plus--j3</code>
	<version>1.0.0</version>
	<author>Andrii Burkatskyi aka underr</author>
	<link>https://www.opencart.com/index.php?route=marketplace/extension&amp;filter_member=ocmod.space</link>

	<file path="admin/controller/extension/module/price_range.php" error="log">
		<operation error="log">
			<search info="">
				<![CDATA[$this->{$model}->addEvent('price_range', 'catalog/view/extension/module/*/before', 'extension/module/price_range/showPriceRange');]]>
			</search>
			<add position="after">
				<![CDATA[			$this->{$model}->addEvent('price_range', 'catalog/view/journal3/*/before', 'extension/module/price_range/showPriceRange');]]>
			</add>
		</operation>
	</file>

	<file path="catalog/controller/extension/module/price_range.php" error="log">
		<operation error="log">
			<search info="">
				<![CDATA[if ($settings['status']) {]]>
			</search>
			<add position="after">
				<![CDATA[					if (strpos($route, 'journal3') === 0 && isset($data['items'])) {
						$this->load->model('catalog/product');

						foreach ($data['items'] as &$item) {
							if (isset($item['products'])) {
								foreach ($item['products'] as &$product) {
									$product_id = $product['product_id'];

									$product_info = $this->model_catalog_product->getProduct($product_id);
									$product_options = $this->model_catalog_product->getProductOptions($product_id);

									$price = (float)$product_info['price'];
									$special = (float)$product_info['special'];

									$config_tax = $this->config->get('config_tax');

									if ($config_tax) {
										$extax_range = $this->model_extension_module_price_range->calculate($price, $product_options);

										$price_range['min'] = $this->tax->calculate($extax_range['min'], $product_info['tax_class_id'], $config_tax);
										$price_range['max'] = $this->tax->calculate($extax_range['max'], $product_info['tax_class_id'], $config_tax);

										$product['price'] = $this->model_extension_module_price_range->format($price_range);

										if ($special) {
											$extax_range = $this->model_extension_module_price_range->calculate($special, $product_options);

											$special_range['min'] = $this->tax->calculate($extax_range['min'], $product_info['tax_class_id'], $config_tax);
											$special_range['max'] = $this->tax->calculate($extax_range['max'], $product_info['tax_class_id'], $config_tax);

											$product['special'] = $this->model_extension_module_price_range->format($special_range);
										}

										$product['tax'] = $this->model_extension_module_price_range->format($extax_range);
									} else {
										$price_range = $this->model_extension_module_price_range->calculate($price, $product_options);

										$product['price'] = $this->model_extension_module_price_range->format($price_range);

										if ($special) {
											$special_range = $this->model_extension_module_price_range->calculate($special, $product_options);

											$product['special'] = $this->model_extension_module_price_range->format($special_range);
										}
									}
								}
							}
						}
					}
]]>
			</add>
		</operation>
	</file>
</modification>
